{
  "uniform": {
    "3": [
      4.571197032928467,
      5.976938247680664
    ],
    "4": [
      4.127718925476074,
      5.473394870758057,
      6.026655197143555
    ],
    "5": [
      3.782684803009033,
      4.9956587791442875,
      5.833301067352295,
      6.0441179275512695
    ],
    "6": [
      3.493802070617676,
      4.571197032928467,
      5.473394870758057,
      5.976938247680664,
      6.058511257171631
    ]
  },
  "prior": {
    "3": [
      5.857507705688477,
      6.1967949867248535
    ],
    "4": [
      5.8211236000061035,
      6.138291835784912,
      6.395074720185901
    ],
    "5": [
      5.77780493052705,
      6.101365513696461,
      6.261149883270264,
      6.375319480895996
    ],
    "6": [
      2.1384451389312744,
      3.1847296561363985,
      3.355362699651494,
      3.4088423252105713,
      3.468254327774048
    ]
  },
  "proto": {
    "keys": [
      "plano",
      "encaixado"
    ],
    "cuts": {
      "plano": {
        "3": [
          4.74511194229126,
          5.994231541951497
        ],
        "4": [
          4.3006415367126465,
          5.596813201904297,
          6.029327392578125
        ],
        "5": [
          3.970777606964112,
          5.1568189620971685,
          5.891750049591065,
          6.045650482177734
        ],
        "6": [
          3.738609790802002,
          4.74511194229126,
          5.596813201904297,
          5.994231541951497,
          6.059780120849609
        ]
      },
      "encaixado": {
        "3": [
          2.7016992568969727,
          5.010234196980793
        ],
        "4": [
          2.206019878387451,
          4.171817302703857,
          5.4336724281311035
        ],
        "5": [
          2.1103871345520018,
          3.4114851951599126,
          4.589810466766357,
          5.736197471618652
        ],
        "6": [
          2.0670220851898193,
          2.7016992568969727,
          4.171817302703857,
          5.010234196980793,
          5.9793087641398115
        ]
      }
    },
    "signature": {
      "p": [
        10,
        30,
        50,
        70,
        90
      ],
      "plano": {
        "q": [
          2.6685738563537598,
          4.552881717681885,
          5.596813201904297,
          6.012894630432129,
          6.111361026763916
        ]
      },
      "encaixado": {
        "q": [
          2.0097797870635987,
          2.4354199886322023,
          4.171817302703857,
          5.1815654754638665,
          6.1786664009094245
        ]
      }
    }
  }
}